Comment,Designator,Footprint,LCSC Part #
12V / GND / SIG,J1,CONN-TH_3P-P5.00_KF301-5.0-3P,C474882
500mA PTC 60V,F1,F1812,C19078719
SMCJ36CA 1.5kW,D3,SMC_L6.9-W5.9-LS7.9-BI,C19077609
SS310 rev-pol,"D1,D2,D5",SMA_L4.3-W2.6-LS5.0-FD,C7420364
22uF 100V,C16,CAP-SMD_BD6.3-L6.6-W6.6-LS7.4-FD,C48971012
2.2uF 100V,"C1,C2,C14,C17",C1206,C170101
100nF 100V,C3,C0805,C28233
LMR38010SDDAR,U1,SOIC-8_L4.9-W3.9-P1.27-LS6.0-BL-EP-1,C5219310
100nF,"C4,C7,C9,C12",C0603,C14663
51k,R16,R0603,C23196
47k,R17,R0603,C25819
20k,R18,R0603,C4184
15uH 2.2A,L1,IND-SMD_L5.0-W5.0,C167969
22uF,"C5,C6,C15",C0805,C45783
220k,R1,R0603,C22961
10k,"R2,R5,R6,R7,R8,R12",R0603,C25804
USB-C,J3,USB-C-SMD_TYPE-C-16PIN-2MD-073,C2765186
5.1k,"R3,R4",R0603,C23186
USBLC6-2SC6,U4,SOT-23-6_L2.9-W1.6-P0.95-LS2.8-BL,C2687116
ESP32-C3-MINI-1-H4,U2,WIFIM-SMD_ESP32-C3-MINI-1,C2934569
10uF,"C8,C11",C0805,C15850
1uF,C10,C0603,C15849
RESET,"SW1,SW2",SW-SMD_4P-L5.1-W5.1-P3.70-LS6.5-TL_H1.5,C318884
1k,R9,R0603,C21190
PWR red,LED1,LED-SMD_L1.6-W0.8-R-RD,C2286
100R,"R10,R11,R13",R0603,C22775
GPS FIX green,"LED2,LED3",LED0603-RD,C12624
600R@100MHz,FB1,L0603,C1002
ATGM336H-5N31,U3,GPSM-SMD_ATGM336H-TR,C90770
27nH LQW18AN,L2,IND-SMD_L1.6-W0.8-1,C148128
u.FL GPS ANT,J2,RF-SMD_FRF05002-JSS103M,C88374
100k,R14,R0603,C25803
ZXMS6004FF 60V prot,Q1,SOT-23-3_L2.9-W1.6-P1.90-LS2.8-BR,C95063
SMF33A TVS,D4,SOD-123FL_L2.7-W1.8-LS3.8-RD,C726914
4.7k,R15,R0603,C23162
