Designator,Mid X,Mid Y,Layer,Rotation
C1,25.2000mm,21.7000mm,Top,180
C2,25.2000mm,19.5000mm,Top,180
C3,25.2000mm,24.0000mm,Top,180
C4,25.1700mm,35.0000mm,Top,90
C5,16.3000mm,42.8000mm,Top,180
C6,16.3000mm,40.6000mm,Top,180
C7,34.6000mm,27.6000mm,Top,90
C8,35.9000mm,37.7000mm,Top,270
C9,37.7000mm,37.7000mm,Top,270
C10,36.3000mm,32.0000mm,Top,90
C11,53.6000mm,15.0000mm,Top,90
C12,55.6000mm,15.7000mm,Top,90
C14,25.2000mm,17.3000mm,Top,180
C15,16.3000mm,38.4000mm,Top,180
C16,18.2000mm,25.8000mm,Top,270
C17,25.2000mm,15.1000mm,Top,180
D1,16.3000mm,31.8500mm,Top,0
D2,17.9000mm,35.4000mm,Top,0
D3,11.5000mm,37.6000mm,Top,90
D4,14.6000mm,14.0000mm,Top,0
D5,11.4000mm,17.0000mm,Top,0
F1,11.3000mm,30.0000mm,Top,90
FB1,53.2000mm,12.4000mm,Top,0
J1,4.4000mm,22.0000mm,Top,270
J2,69.6000mm,15.7000mm,Top,270
J3,46.0000mm,5.1000mm,Top,0
L1,21.4000mm,39.4000mm,Top,0
L2,68.4000mm,17.6000mm,Top,90
LED1,24.5000mm,3.0000mm,Top,0
LED2,29.0000mm,3.0000mm,Top,0
LED3,33.5000mm,3.0000mm,Top,0
Q1,16.0000mm,17.0000mm,Top,0
R1,31.2000mm,29.0000mm,Top,0
R2,33.2000mm,27.6000mm,Top,90
R3,42.4000mm,9.8000mm,Top,90
R4,49.6000mm,9.8000mm,Top,90
R5,37.7000mm,32.0000mm,Top,90
R6,37.7000mm,34.8000mm,Top,90
R7,49.2000mm,27.0000mm,Top,90
R8,50.8000mm,27.0000mm,Top,90
R9,24.5000mm,5.2000mm,Top,0
R10,29.0000mm,5.2000mm,Top,0
R11,33.5000mm,5.2000mm,Top,0
R12,54.6000mm,19.8000mm,Top,0
R13,19.6000mm,16.0000mm,Top,180
R14,18.4000mm,13.6000mm,Top,90
R15,10.2000mm,13.4000mm,Top,270
R16,28.7000mm,24.7000mm,Top,270
R17,29.3000mm,35.0000mm,Top,270
R18,27.7000mm,35.0000mm,Top,90
SW1,40.2000mm,23.0000mm,Top,0
SW2,51.4000mm,23.0000mm,Top,0
U1,25.8000mm,29.4000mm,Top,0
U2,46.0000mm,34.7000mm,Top,0
U3,62.0000mm,19.0000mm,Top,90
U4,46.0000mm,11.4000mm,Top,0
